"ownership","relative_path","sha256"
"baseline","designs/noelv-generic/rtl/core/cfgmap.vhd","b2633efbb63cbfa67f8c2ce95a3ce8c6e1b46735652b48f2ce59ca505d4b9e45"
"baseline","designs/noelv-generic/rtl/core/lockstep_ahb_sample_pack.vhd","4834672ef80125e894a5d2fff2cdea34dc24a10f7b097141e64848c9af9a6d4f"
"baseline","designs/noelv-generic/rtl/core/noelvcore.vhd","356177cc1924401377ba0a01bd4242d63be5f27187020d355c4f8e3c7c136d82"
"baseline","designs/noelv-generic/rtl/core/rev.vhd","767c0b403c8835e2ada2a06ce6a06f4b1e379fdde36cf0d531c0b4bc4a4b5c8c"
"baseline","designs/noelv-xilinx-zcu102/cfg/config_local.vhd","b030e4a0d888b7a6dfffebe739cc2833bbca6c43c3401ad36df6a4b11f278111"
"baseline","designs/noelv-xilinx-zcu102/config.vhd","1e9132dfa38731258315454d87c39768d14db12ace18e3285f63e5c7c28dbd8c"
"baseline","designs/noelv-xilinx-zcu102/grlib_config.vhd","5c8fc57e5fdb5026eba34df559fe552d13aca1b382fb9927211ccd47cef06b53"
"baseline","designs/noelv-xilinx-zcu102/rtl/ahbrom.vhd","b7be4f2cd43cb92d4f8c1ff10e857882e5edf4537913e20d8911a680282e8af1"
"baseline","designs/noelv-xilinx-zcu102/rtl/ahbrom128.vhd","cd752ad4351f4e968b9ad55de3fe0f8179bb1f71694f01f0ce4ccdf8613998d0"
"baseline","designs/noelv-xilinx-zcu102/rtl/ahbrom64.vhd","0b8cfda872b7bd8afad0e0d0a30ff61c1bfc05940f82399cee560b61ee6070e9"
"baseline","designs/noelv-xilinx-zcu102/rtl/ddr4ram.vhd","0c5fa48b4aefc40111932b39ba24ac585a3f6506ec181ddcb5766e10a0b9378b"
"baseline","designs/noelv-xilinx-zcu102/rtl/lockstep_capture/capture/lockstep_wide_capture_frame_source.v","64af4154281f1ff832cff0a95f69a5514fd82454dbd99b72e5794fa9ef26aae3"
"baseline","designs/noelv-xilinx-zcu102/rtl/lockstep_capture/capture/lockstep_wide_capture_window_cdc.v","40bc7658a9e7b786113d956891c9b0ca95cd635006a9fe14dcaf2b94e7a35e8f"
"baseline","designs/noelv-xilinx-zcu102/rtl/lockstep_capture/common/lockstep_crc32_word.v","f02682be3bfc0933beee5fbc891afceb2e5abb327283a4ae7909cc9bfacb989a"
"baseline","designs/noelv-xilinx-zcu102/rtl/lockstep_capture/control/lockstep_command_state_machine.v","4f2c7849bb559fb90e9ba1890a6880d565ed1b2a6e94e269360267d48a2bb239"
"baseline","designs/noelv-xilinx-zcu102/rtl/lockstep_capture/frame/lockstep_frame_request_arbiter.v","5b962d053cd612e72008908c7783a77d4bb97d6f515f9c586b529cce20d3af30"
"baseline","designs/noelv-xilinx-zcu102/rtl/lockstep_capture/frame/lockstep_rx_command_parser.v","20a51e5d9109a3cd49331ca1a462b11eb5ae8842248034f9e73984e69931a9a2"
"baseline","designs/noelv-xilinx-zcu102/rtl/lockstep_capture/frame/lockstep_tx_frame_generator.v","20b9fab8f636285faa749d1e7f74b85c6978681163a33a2dd603fb41d6eceb9b"
"baseline","designs/noelv-xilinx-zcu102/rtl/lockstep_capture/ft601/lockstep_ft601_245_adapter.v","fce3d9ea66387d79360cce603baf6fb301e092d19d090a32340f3d9ad9373a38"
"baseline","designs/noelv-xilinx-zcu102/rtl/lockstep_capture/ft601/lockstep_ft601_be_polarity.v","acf332e38969c378b6012281c25896d6ebce9bc2fce7f22e328b2f6e8caf7429"
"baseline","designs/noelv-xilinx-zcu102/rtl/lockstep_capture/source/lockstep_protocol_probe_pack.v","6cedf07512deb46427f953df5f349b4ea9723fad9dde7fd8a8f887d4d10eb84a"
"baseline","designs/noelv-xilinx-zcu102/rtl/lockstep_capture/top/lockstep_capture_protocol_stream_core.v","e14d8fc0e7708a28233411b41d19a3d75fc9acf5072fcc6350dd84cf7fbc2e72"
"baseline","designs/noelv-xilinx-zcu102/rtl/lockstep_capture/top/lockstep_ft601_external_sample_top.v","25d203e7238aeeb324e8e24d0fe9b107521abb5cd3cb15e7053a377b52789b53"
"baseline","designs/noelv-xilinx-zcu102/rtl/mig_zcu102.vhd","bd8f66aa504dc392345c60aca0d3ff1ce6fa28852f693d944a38e72c639b52a3"
"baseline","designs/noelv-xilinx-zcu102/rtl/noelvmp.vhd","5f2ec61a31813d5978f7444932cf03e52b652f1093769255d0b67f7cc9aae9b1"
"baseline","designs/noelv-xilinx-zcu102/tb/testbench.vhd","9af1ecaed89b3edf2fee61694dbd03dbbfdaaabcb8fb37819bb94dd189d8c046"
"baseline","lib/eth/comp/ethcomp.vhd","d76110c3ac5a4d4b7b69b1666d22b65afb3d98fa5d0762fdecc88c2ccadaec2a"
"baseline","lib/eth/core/eth_ahb_mst.vhd","bc5091ba91000a39bab45c4ad9ec11d612487884ad292c93991e45205b4d0d27"
"baseline","lib/eth/core/eth_edcl_ahb_mst.vhd","2ecc1b953f42e4de6e70edb8589bec5f69fa2935cefc1ea1ff98c6c600e33863"
"baseline","lib/eth/core/eth_rstgen.vhd","408bca8ed778650d7fd4e54d4bdf8c8ee8e86508f116538d957ca1052c1ab758"
"baseline","lib/eth/core/greth_pkg.vhd","975a2e3f3d9e81abe6343d5a8a20d6de3eca250740ec7c8426f2fca77071e113"
"baseline","lib/eth/core/greth_rx.vhd","0a025357f52166b41c7e892fe7c831a6656f7622699625453898894315cfd24a"
"baseline","lib/eth/core/greth_tx.vhd","afed6825b811396aa331a8a4f5fa59897b30204d8f266de22003f913a8236f65"
"baseline","lib/eth/core/grethc.vhd","4473812f6755784f7052bc1f242e753d0d5610eb65cffd89633d98726c4a4b43"
"baseline","lib/eth/wrapper/greth_gen.vhd","6499c1313d4decaca809da38a193dc139abee9fbc21dd2cf26661bd4ceb2b4de"
"baseline","lib/gaisler/aplic/aplic.vhd","5c3b726ba460110a442a717b1c598e4fa7ff4aa177e2d3ba76b4db7fe2cc76a3"
"baseline","lib/gaisler/aplic/aplic_encoder.vhd","ff15426cb7cd512c7999b948a9b5b5df3d9da698999cfe5266759a63b0736f23"
"baseline","lib/gaisler/aplic/graplic_ahb.vhd","e398d7e4b8bf8785ac2b1a19e99158dbf1966474bf643d4b2d9908ab8a9a4678"
"baseline","lib/gaisler/arith/arith.vhd","3f3305326a9f13205513c6edbf75c875cf0cac94b16c5264d59f0997ee5fe9db"
"baseline","lib/gaisler/arith/div32.vhd","7e5e7d13b2292154f5d438fd07599345a140578309a9956a830068e036c61cc2"
"baseline","lib/gaisler/arith/mul32.vhd","f92fa0316658692509045f2b9d58f285766d5d70bd22123b81992d9711827f4c"
"baseline","lib/gaisler/axi/ahb2axi_l.vhd","ec86a5481f28c295ac8f2b3e163107565bc4a1148ef772ef003d85ff508abe4b"
"baseline","lib/gaisler/axi/ahb2axi3b.vhd","6c61aff3dd5e368bf6cc20ec3958b70fc1314e4d08c9d298ae39786122144368"
"baseline","lib/gaisler/axi/ahb2axi4b.vhd","57103365580d84be4f3a1997c4cab1ea7547ab187d1d42698e69717a0b51cb2b"
"baseline","lib/gaisler/axi/ahb2axib.vhd","24fbc9936242ca968540d7c15d7b5805ca9335238b5e2f5d7fb5b7169c142eda"
"baseline","lib/gaisler/axi/ahbm2axi.vhd","74fbed601ec8c72864ec8af7dac2381b95a7bc235add05cb243779c9bcad1f5f"
"baseline","lib/gaisler/axi/ahbm2axi3.vhd","3e46d5ab9efb9f5e98956faba0e369e7a2caa85f6214a46bed465b617991a9f3"
"baseline","lib/gaisler/axi/ahbm2axi4.vhd","47d0a79231ba84248b84ac6399f304508f3f6ca5b380096feb283199c8165bd2"
"baseline","lib/gaisler/axi/axi.vhd","13f2ddfa25f659d56aa229696ef0c86b11ecbd28f812120c0a9420630bba195d"
"baseline","lib/gaisler/axi/axi2ahb.vhd","da2586f476bb7270c5f194de1e65ebd3aed0a2ea2c90e5b4bc96a4121c5fd13a"
"baseline","lib/gaisler/axi/axi4_resize.vhd","76404f5ca057ea0f9b5e733bc39769f9568ec41b27847b2d8434827753d3896e"
"baseline","lib/gaisler/axi/axinullslv.vhd","e30bb14adda18e59a585ea52e3204240402a03e187a09c592d5403158333086d"
"baseline","lib/gaisler/axi/axis_buffer.vhd","cdc172dce6d5968411b647aabdd53d2f866e47789ff7c64db742ecf66cc952ed"
"baseline","lib/gaisler/axi/axis_gearbox.vhd","d216c8e732d4001f420517709a833065db67089cef21ae0ace815ad0021008d7"
"baseline","lib/gaisler/can/can.vhd","86a13897f6a9ee028b5656f8e088308b823fc763f6602f9f6c17cd498ad3470d"
"baseline","lib/gaisler/can/can_mc.vhd","8ef058149d85c8687f5c7595c10b5715ca25a0adb6eb07a7a6474082f08ee4c7"
"baseline","lib/gaisler/can/can_mod.vhd","1eb0e2b48ee3eb419725ee9ab214bb110824ee89c639293e77bc52ba84666d97"
"baseline","lib/gaisler/can/can_oc.vhd","67e34d6ecf0869a6b1a0717c99ba967fda9103fe1654aaa12a7879ac939ff456"
"baseline","lib/gaisler/can/can_rd.vhd","04031ce6afe3f0f2cad691412d4e58eee644f622817301d8aae7609d583a7b49"
"baseline","lib/gaisler/can/canmux.vhd","43b0017b3b41984666729845233d4a76e67f303b9a977be7a76237693b674180"
"baseline","lib/gaisler/canfd/canfd.vhd","25fd35f605913d45932f53c42dbe79387c3fa000e9a4da1fc03debee7ec6144d"
"baseline","lib/gaisler/grdmac2/buf2mem.vhd","6bc47a614ea432554aeaa75d2a1ea252b83885da3dfea56d75974dddf3635d0c"
"baseline","lib/gaisler/grdmac2/grdmac2.vhd","f9d52b301327c37652892ddbc79b6b597b6a33d75897f3ad72784b5c5923e635"
"baseline","lib/gaisler/grdmac2/grdmac2_acc.vhd","f040c0e43cbb7ba67507b3354d577ac53b83460d470a979ccdf0711d8f2ab9fd"
"baseline","lib/gaisler/grdmac2/grdmac2_ahb.vhd","c9fa8a5d11ab9d7fa9bd9dd537395418bc7e6efc2cb5bcb3cbad59f821e30826"
"baseline","lib/gaisler/grdmac2/grdmac2_apb.vhd","b7d8f7c766f8e27c7ae2062f7a3e46a40b6cdc9110bbabacee1fd668f7ffb607"
"baseline","lib/gaisler/grdmac2/grdmac2_axi.vhd","fb9d30b6e29eef250f094032091c80e462f1bcef30706ba92c2bfc2a79a2c0ee"
"baseline","lib/gaisler/grdmac2/grdmac2_ctrl.vhd","699bbffe675c7ea4b3ed33e11f04a51aea1232e76b586eefed1bd0bdcbea028d"
"baseline","lib/gaisler/grdmac2/grdmac2_pkg.vhd","17bdb3dcfc38825b6a525c896872ad93c7ea6875c04cd31244b8ea4f7eaaa274"
"baseline","lib/gaisler/grdmac2/mem2buf.vhd","ff7c55e2f2025cc776b66adc904ad0713808edb075ba41a532b755e3f27ddfae"
"baseline","lib/gaisler/greth/adapters/comma_detect.vhd","e36b6d55adf0d247e0c8b4ef37c3a388590fe83822b6da4d30bc4b37ec3e820e"
"baseline","lib/gaisler/greth/adapters/elastic_buffer.vhd","b45f346d130cddb5de71a0f4bd060bef12ca44641ea2c4b126ead1105e63ef5e"
"baseline","lib/gaisler/greth/adapters/gmii_to_mii.vhd","72a48ae80ce33cef772ccb9acd8ae3532ee6b5a527a8a22837288966cf9f8554"
"baseline","lib/gaisler/greth/adapters/rgmii.vhd","57a89c479cf642398f1473e7cb7b37e809ccf4acfabdfb42a27f7385c5ab2f1b"
"baseline","lib/gaisler/greth/adapters/rgmii_kc705.vhd","cc421efe3e688763d6f95a4b34d0ed7d29f0a7152893515c89758294cd4b49d8"
"baseline","lib/gaisler/greth/adapters/rgmii_series6.vhd","a3a83e79377c7bce6d0f9636e27c2daf67bb259abd861229db6c275022d10ea5"
"baseline","lib/gaisler/greth/adapters/rgmii_series7.vhd","24baf434f20452756fafc9168b370970defa7c9f4c3090ff936c031a1861d1f2"
"baseline","lib/gaisler/greth/adapters/word_aligner.vhd","19d7e043ae9895b2ae108496926012d3bcf8eafae5acff33f4f7234a40f68b66"
"baseline","lib/gaisler/greth/ethernet_mac.vhd","bda0e3143b2cf807e55c9cb401270377ff69fc14693385e247134890732eb9d1"
"baseline","lib/gaisler/greth/greth.vhd","4d351a4d0eadb7daef87c83d27a4e0c2a96a9fa92f893ed8a1579631ed754a16"
"baseline","lib/gaisler/greth/greth_gbit.vhd","9ee1aec5f3106c86158632f037bb6c2f44d1e48e0249ce79e58550f57e336863"
"baseline","lib/gaisler/greth/greth_gbit_mb.vhd","8e6efa777fa4e7e0aaac326b1470aeb2b9f62b86567ed435edef7f10fb35b697"
"baseline","lib/gaisler/greth/greth_mb.vhd","e32767ff43c2f461620a0f9ecc2bb6e402078a99ac79c3f423b0bd06c237214b"
"baseline","lib/gaisler/greth/grethm.vhd","b14216e3b6e74b98d8cc79fe04376e8d813da465a0a3670e4598e2c6cc7950e3"
"baseline","lib/gaisler/greth/grethm_mb.vhd","4500b7ae50d6f9a7732eaf0e97009fc6d0641d9887a0ff01db1dd712c0ba0f58"
"baseline","lib/gaisler/greth/greths.vhd","11e28a744f8823f5ff1a4694f0573c63d48fcbf0e51f94d416b05834ea73b59a"
"baseline","lib/gaisler/greth/greths_mb.vhd","86ecf1cf979091f949ad39b83aae204d446f25f3b2c243d59a550b8e218882a2"
"baseline","lib/gaisler/hssl/hssl.vhd","41822e3458219564e8fb7fe4eb609caa42fd8f6b5d0c8e10be9f4dc219396ee4"
"baseline","lib/gaisler/i2c/i2c.vhd","2cb4e5bb0c78ae9961ea9d9c95f7c401bf4348ab0975dac5f542cbd08aba831f"
"baseline","lib/gaisler/i2c/i2c_slave_model.v","d892f43d34b564091ced2c8d728da384b808cd3ba8142cf60ca8991d36f15e58"
"baseline","lib/gaisler/i2c/i2c2ahb.vhd","3128fd222ccbba563698788690aff3b1321053e5b85a566577646a60fe9a5b34"
"baseline","lib/gaisler/i2c/i2c2ahb_apb.vhd","73527be9a9bdf05bc4926694c5b4ccef28fa9223fc73bfbe9db2be1faffc66a9"
"baseline","lib/gaisler/i2c/i2c2ahb_apb_gen.vhd","2172db2c653cb3375e880e01a88d496f1e6d8a5ea81a67ed10c19f3a96b557ae"
"baseline","lib/gaisler/i2c/i2c2ahb_gen.vhd","4a58f0feec4eabd3f5d4bacaec0ce36d559fc266a0f581e1f2a89c19791bf6b6"
"baseline","lib/gaisler/i2c/i2c2ahbx.vhd","e985d326028b35f79fa765743ca7130a679c93c075ad4afd9925815f884e15a9"
"baseline","lib/gaisler/i2c/i2cmst.vhd","31f28432362ef7dcdb6daf6298e19dbd4b820976b3c8558d7fe45a81685a248a"
"baseline","lib/gaisler/i2c/i2cmst_gen.vhd","9da0a59167f1f797fb80c10d640ee931fa89b7a34ff29859561963ac8dd2163d"
"baseline","lib/gaisler/i2c/i2cslv.vhd","838dfbf5775d5986e738f547b9aace85a886cd1a6eff5b522755c227a88c10ef"
"baseline","lib/gaisler/jtag/ahbjtag.vhd","43fb6fc74d30abfa6764956aa0d6ea7c59b5be2a2eba47cc1818ce3ac8437c7e"
"baseline","lib/gaisler/jtag/ahbjtag_bsd.vhd","71a7c21abde10fac381aeec7f680080e7ee8e841628d002bd6422344c65d1259"
"baseline","lib/gaisler/jtag/ahbjtag_exttap.vhd","a70d1dec804ced5c6be4c474f6e3ae530421dd06624947364e09f30074489a4a"
"baseline","lib/gaisler/jtag/ahbjtagrv.vhd","e1caae7aebb1b6c8eb4745958e6d24a899d2aa2dc8e1072c228295c81bacf953"
"baseline","lib/gaisler/jtag/bscanregs.vhd","a0c9ce2b6335a295a70ec1c8e5c9ec6fb7009782548c722626421b63bad79572"
"baseline","lib/gaisler/jtag/bscanregsbd.vhd","181e67b62e45e19fe017b619828da38acec382c69ae7d2c2d193da6398385119"
"baseline","lib/gaisler/jtag/jtag.vhd","772ad6fdaa34ab0570ede8e717b7d2da1536c30e1a5b27a74f461f62a80081b3"
"baseline","lib/gaisler/jtag/jtag_rv.vhd","7ae685438f350a7c6c2c58c3f72ae0f92102fc780b6e98f6694e2c3584a9fc15"
"baseline","lib/gaisler/jtag/jtagcom.vhd","6f6840ede6c78890c8e1dcd69f63976bd41c583a7ab61f94f6b2b167aaee7814"
"baseline","lib/gaisler/jtag/jtagcom2.vhd","05af071c5e15b07aa9d0b99b8f2c4318affa45a58080eda08e889900af6042e8"
"baseline","lib/gaisler/jtag/jtagcomrv.vhd","fe9b4698c1b5869777c31994839b83f23174d4904ebaa7bf8bc096e01ad90833"
"baseline","lib/gaisler/jtag/jtagtst.vhd","a605674719463d7f9bc28ca1816644032d4cef7ee7f5665866fd7133c0e57bf3"
"baseline","lib/gaisler/jtag/libjtagcom.vhd","7421f808d0048ed8d480396db989b9acc86b7bbfc5051cb47054aa026eaf3e38"
"baseline","lib/gaisler/l2c_lite/l2c_lite.vhd","20c5ffd2028f752b9cd8bad30df7b0fbfe4d62a35125e74fc8300657b04f10fa"
"baseline","lib/gaisler/l2c_lite/l2c_lite_ahb.vhd","e924d72ae7731672dd2c1b55ef8bcbce4887e6b8c905906f297195d88198e1ae"
"baseline","lib/gaisler/l2c_lite/l2c_lite_axi3.vhd","17380b605f207c383eedc521a41875b3a904654bfb46eff41684a04a88bcedd5"
"baseline","lib/gaisler/l2c_lite/l2c_lite_axi4.vhd","366c3a9d416a2f80f5b8898a285dff9ac147a324fd6c25ff7ca0e53e8fc1ebe2"
"baseline","lib/gaisler/l2c_lite/l2c_lite_core.vhd","1e4cb7189732601342ee46a232ad1add3c67d5597dc2c19186d7e34389e2df3c"
"baseline","lib/gaisler/l2cache/pkg/l2cache.vhd","d87953714ada9f4d77023b81f6395890e7014e2e59a55033deac96c75df97669"
"baseline","lib/gaisler/l5nv/shared/busif5.vhd","f09cc013c7e91f48d4a6882c691078fc4856f85fcd441f03717ecb0296a67f1d"
"baseline","lib/gaisler/l5nv/shared/busif5_types.vhd","6529ac73887b2e6f4db2a0b38c211f3904c3ed82f9cb3e50f7c02ded4c04bf6b"
"baseline","lib/gaisler/l5nv/shared/busif5rdb.vhd","0384ee6d9d62351c7601b18ba3a30c2a44521eacb471f2b318ce5e51f5855794"
"baseline","lib/gaisler/l5nv/shared/busif5x.vhd","6046efb18efb086aff47ba941952e37a61cac92cb0ae7451c1e20c30346bae5f"
"baseline","lib/gaisler/l5nv/shared/cachemem5.vhd","cbb962c989ac98a11377babb5b6594cc707a5a722ee71c8d5ef69b45d029de7c"
"baseline","lib/gaisler/l5nv/shared/dmnv_ahbs.vhd","ea0cad4ca5db50ac4402c31c0cf3900e873949d29f54d2f4a70ab10fc5e4b549"
"baseline","lib/gaisler/l5nv/shared/dmnv_ic.vhd","003e805d2fc93283e1f28c7fef4d4614ac8ca11090adbb3c7fa8c905ebf3b518"
"baseline","lib/gaisler/l5nv/shared/dmnv_ic_busport.vhd","800559ba8608b7c34bf22d94e7877ab271dc473baba67f82cb970b78948b7e99"
"baseline","lib/gaisler/l5nv/shared/dmnv_ic_dmaport.vhd","ec95b70068b8ff7d738472fc1f192ceaf21d115cedee54cdac8923a1034ac514"
"baseline","lib/gaisler/l5nv/shared/dmnv_ic_ebp.vhd","e681146d4df22866b96b4f6a81d2ed558307169b2123527b10830ea0fa445908"
"baseline","lib/gaisler/l5nv/shared/dmnv_reg_step.vhd","c3a869a5648a16ceef91f9c28a81751fa2a4bbede0234640abf37f8c36008427"
"baseline","lib/gaisler/l5nv/shared/dmnv_trace.vhd","d234f56f8d7c2d7b790c643bfb2e305ef8a47f17ccccb1693223d77b2a7475ad"
"baseline","lib/gaisler/l5nv/shared/dmnv_trace_ahb.vhd","f036dfb34b5f159c69ed3afc7cc12bd310118ef95edae42fc02fefa5082d25f1"
"baseline","lib/gaisler/l5nv/shared/l5nv_shared.vhd","67871a8fcc973eab5130b2afde7c1736c15ed3a66a0289ac62b39274ad2668fc"
"baseline","lib/gaisler/l5nv/shared/l5tsc.vhd","722e23ade19dbb0231b0894fc6e3b55b142259c482802e96cfeda8ced123208b"
"baseline","lib/gaisler/l5nv/shared/snoopmem5.vhd","77c4d0ad6edd4eea2d31a17c0f88ca1f06030a622db3d7c04836bf5b14f40e7b"
"baseline","lib/gaisler/l5nv/shared/tbufmemnv_mbus.vhd","0fb10ef57ce7cc1f3361aba5fa49f778af4828bbb3ad1274364621bcfef51712"
"baseline","lib/gaisler/l5nv/shared/tcmwrap5.vhd","9bf894516533078a47aba599f9095815ae67abe2abbfb08338d89be6b2b6c41d"
"baseline","lib/gaisler/leon3/grfpushwx.vhd","4208bbd87b55cbc3928b7f096babd625e5c56db15c9d3c44979646e3537e6d2b"
"baseline","lib/gaisler/leon3/leon3.vhd","2cd1b5c07727190bf9eae1508b59604949a6429ff9f74f03202f133595d6d7c5"
"baseline","lib/gaisler/leon3v3/cachemem.vhd","05023eb230fe714cd19f700d3c9d5ab1b8f878c1450a1eeb00c330efada0c4b4"
"baseline","lib/gaisler/leon3v3/cmvalidbits.vhd","2e9be6b71046552dbada0e84a607f934ec2e56e2ebed4f3aca2e8d5a6b41a7ef"
"baseline","lib/gaisler/leon3v3/dsu3.vhd","6243ae0fc2a8e94b779f536ba4176b896a6f9e33935ce701240fc602a8e43f29"
"baseline","lib/gaisler/leon3v3/dsu3_mb.vhd","da916582bf717120ac58b36fc345e9bddd85282974f81cf7434b0f6fcfefe7f3"
"baseline","lib/gaisler/leon3v3/dsu3x.vhd","a2aa1a7517f3650301a437b6e80b277cb7b4f9215ed33a6407ed8bdd03ba6663"
"baseline","lib/gaisler/leon3v3/grfpwx.vhd","2feea1dbb4f68ec4ee11daba007b47083eacd866f6a3f994bdbabef0a7dfc4ef"
"baseline","lib/gaisler/leon3v3/grfpwxsh.vhd","d9594d274b704438140cfbf036f6955281200962d092990c05a61cb9a820b419"
"baseline","lib/gaisler/leon3v3/grlfpwx.vhd","e12c2bb9332248901f8e15c1c16f1f0fdf218e5143ea7d52278b955ede5a0ddc"
"baseline","lib/gaisler/leon3v3/iu3.vhd","46b274d8b929a6127ab61dc07d9f3e14df068a5c158bef91a58df483609b3390"
"baseline","lib/gaisler/leon3v3/l3stat.vhd","afa499094bd176f306f58380233163f8977b234164156b1c869a35b1492cd4ba"
"baseline","lib/gaisler/leon3v3/leon3cg.vhd","4c0a3ee456f56480ff869fe2764394d8cd5c1ce1f414ac9dc2498d72cae4d528"
"baseline","lib/gaisler/leon3v3/leon3s.vhd","eabee08f04abc70c6da251135d0e432d3c14b6ac1cb4c2a27b61637b3678d5c3"
"baseline","lib/gaisler/leon3v3/leon3sh.vhd","668aac1be5c67ad0888944ac5678498e2f052be9ed057b7c4ceecd59f464c215"
"baseline","lib/gaisler/leon3v3/leon3x.vhd","6e4cb0096bf5348738403e8ad9aa39a4480b0dbd67fa9ca6c4e118946f229dc2"
"baseline","lib/gaisler/leon3v3/libcache.vhd","9102d92b8d15d8235b7dd298d87c9363aafd5590ad609c60d989b55d50371b75"
"baseline","lib/gaisler/leon3v3/libfpu.vhd","04be995bbc35e545bb0d6d8001f5cc72e1697b79d05129badf39a6fb51e6e082"
"baseline","lib/gaisler/leon3v3/libiu.vhd","538cc739d7173b70b33a5ce0438385fb8643805600c9326d185a50a0070e793c"
"baseline","lib/gaisler/leon3v3/libleon3.vhd","323602fdc0def52bdbf586c81d43ff7e8d48a99eb6a87ef693f0521e7b1ae5b7"
"baseline","lib/gaisler/leon3v3/mmu_acache.vhd","6d0c1fd0d39b81f3d46c8bbb634a35728e7efec123471a528cb22b135ab699e2"
"baseline","lib/gaisler/leon3v3/mmu_cache.vhd","7d37a8f6ef9d5965cf62325079af06b20fc32b9f0fd84cee422a00e2ac02cfe8"
"baseline","lib/gaisler/leon3v3/mmu_dcache.vhd","5d651c0b3f794c020bba554b947fb3506ef288e6f035f9fcf8675a0cedaf495b"
"baseline","lib/gaisler/leon3v3/mmu_icache.vhd","b3cfebc6711319d46f6a69ad51a32a6a9332d8db03e03f452c7575e9e436620d"
"baseline","lib/gaisler/leon3v3/proc3.vhd","b9bc151607613da12bb1eba7ca21d8664b63685074a841228578bc5855abc3e7"
"baseline","lib/gaisler/leon3v3/regfile_3p_l3.vhd","b771a5b2e5055b4cc14634711e19a725e3238f4d1d38ce1b5a074542eca41020"
"baseline","lib/gaisler/leon3v3/tbufmem.vhd","91b5c98e4704a021aeb3529bca52d2b587110509a51d374a2e019cca443604a4"
"baseline","lib/gaisler/leon3v3/tbufmem_2p.vhd","e088a88ebb42bf20e0b3020609f5a41d42f60f3bde3bb804dc4d9ea55853e9d7"
"baseline","lib/gaisler/leon4/leon4.vhd","ff67bbe38fbbe6ffa6a032cd26ca1aa2cf05beada534053cff9f8f929115e329"
"baseline","lib/gaisler/memctrl/memctrl.vhd","496f1bae972ee8a6121125d361838e0ac554b99c757fb2c5b9929d0b77e3fd9e"
"baseline","lib/gaisler/memctrl/sdctrl.vhd","32f596089d69cf5d3af7c9f165ad6d3541ddf33a508d4273f5c8f479151fd9d2"
"baseline","lib/gaisler/memctrl/sdctrl64.vhd","f7f71316285adc0b1de4ede799d75cfa048038708e3f6103d0cfe516621c58e2"
"baseline","lib/gaisler/memctrl/sdmctrl.vhd","80f652f341aa2765eb804440979e1f35287ab8501542f4c6a3bf06e28df24cb0"
"baseline","lib/gaisler/memctrl/srctrl.vhd","92579a2102cab2e241185628e764f66a07255231e9087f9a0669cbe59784b04a"
"baseline","lib/gaisler/misc/ahb_mst_iface.vhd","2a4d0b3e93c368118aeb5048b54fd86a7f2e19993205deaf76200144a6a432b2"
"baseline","lib/gaisler/misc/ahbdpram.vhd","a89fbfba2b1275578ad0224ef215254e3bdf0f3fd86df8aacb23b2dafcfd319c"
"baseline","lib/gaisler/misc/ahbmmux.vhd","d84fd054fea3f6be1eb1316840d0640d0314aab4709812353abbcb937fed40f1"
"baseline","lib/gaisler/misc/ahbram.vhd","7dcfe25690488719c1fe77703128787be8a75411cd74bf5c44844e12a8d0f7dd"
"baseline","lib/gaisler/misc/ahbsmux.vhd","cc264fd148ce022ec37f1ab73108636b7a86217a82949e57d3a009471495f318"
"baseline","lib/gaisler/misc/ahbstat.vhd","a8403b82f6d4ec8822e7bd89447ff52592b0f8893da8e48dfa46be1377ac6ebe"
"baseline","lib/gaisler/misc/ahbtrace.vhd","3f3911626ce007c4026a0c508471a7119eba82e587e48bd9c09af8828e18db32"
"baseline","lib/gaisler/misc/ahbtrace_mb.vhd","17511aea34f6daafe1a7787cecf0cda5b5b217b752063c31ac869649118f1aba"
"baseline","lib/gaisler/misc/ahbtrace_mmb.vhd","98dd65963846b20d3b0d0e8613e137c229cccd952dfb6288d6d8e2f7233397d0"
"baseline","lib/gaisler/misc/apb3cdc.vhd","68d26979f7a558efcb4ffbfec113cad4a8440afc736b460c5307d4bd0af75ebd"
"baseline","lib/gaisler/misc/apbps2.vhd","b5846813cb08d924b32ed6ec1db168e8a34872564efef9c7a0cdc9a02ec0cfae"
"baseline","lib/gaisler/misc/apbvga.vhd","a430739f731d2ec560c3d15d1a7e27a4ff1221c3ccd3ea587c689f1164c02742"
"baseline","lib/gaisler/misc/charrom.vhd","fd38684fee60cea9b4b40aa2ca50438fa21410dcda8a08dedcf47173fa503d96"
"baseline","lib/gaisler/misc/charrom_package.vhd","e81bf34869afb727fbbc4a64d9f4cd7c69a0fc3552af671f3a73f787964b9d88"
"baseline","lib/gaisler/misc/gptimer.vhd","b86b7e478876b19235cfdb91de9a5eb3ff8f05b2fbafb476330a7f6c17d50e04"
"baseline","lib/gaisler/misc/gracectrl.vhd","3d2a11d64a7e8703f609e66d7a304116ce0cbf479de1d042aebdab5fe1cf8a79"
"baseline","lib/gaisler/misc/grgpio.vhd","b270d4f0305292f6bc26682b9515b2d29e734a040e569a22489550acdab1d1ef"
"baseline","lib/gaisler/misc/grgprbank.vhd","0801e775e53fd139ed27835c852c039d6762a8bfd70e03f8f4f13e5778a8618a"
"baseline","lib/gaisler/misc/grgpreg.vhd","0004c90b84d368f0e7546b8bc021c57ad19202b90bef2f8176fecaa539f740a7"
"baseline","lib/gaisler/misc/grsysmon.vhd","ba2463c123046422e025e3514a710a8b60e5364ffa92462b13719326f0c1c984"
"baseline","lib/gaisler/misc/grtachom.vhd","9983fcc22ff1e4014b739eb6e0d1e187e63b1b0fd4e13f654cfcb25245eab44e"
"baseline","lib/gaisler/misc/grversion.vhd","0196b29e02eba10d9e3aecd3066702d2df26f8d7bbcd0fed6169623379656e34"
"baseline","lib/gaisler/misc/logan.vhd","2981a3e79c85b596fbde5360b3116e95dd258633e5f870c2e533798c0f7667c6"
"baseline","lib/gaisler/misc/misc.vhd","a47e1e697f38f24c668f2a7efd54bb9a5a4511c4c9a09ea8750e6f7ac3f5ecfe"
"baseline","lib/gaisler/misc/rstgen.vhd","fdee5c4850b5d8b40df601688d14a5018b597c64fc25affe3d44d50480bc7d9f"
"baseline","lib/gaisler/misc/svgactrl.vhd","b3117e6ba6cccba509c68f8cfd5825b6bdcd4a025e455d8aa6cc19f7c790d4c4"
"baseline","lib/gaisler/nandfctrl2/nandfctrl2_pkg.vhd","4324384018d52b0084d8c8060be88f62c9539051744a9841084b00da5dafd230"
"baseline","lib/gaisler/net/net.vhd","a8fa95bf1fdf6ec0807ca81b2753a2618e7d4da0f3ba70e610535169ceb4df79"
"baseline","lib/gaisler/noelv/aclint/aclint_ahb.vhd","30e5eaf8654fece30f3fa34f42b7f8b99744865d516bb90388e81184ace16320"
"baseline","lib/gaisler/noelv/aclint/clint.vhd","cca7a57e4c36961fecf6584337de8ca27717afefd20892a4dbc1d2044bdc5e5e"
"baseline","lib/gaisler/noelv/aclint/clint_ahb.vhd","5bfcdc17955f777accbd7b3455ef7a18a95904806c64e9739ab5c5aa59e74909"
"baseline","lib/gaisler/noelv/core/alunv.vhd","b649db6989076368b44dea3cdb6de03c78efb96e806193da7444e4ef9c74bb69"
"baseline","lib/gaisler/noelv/core/bhtnv.vhd","afa0cadec3e1939ad7a270d34a0d38a540775d75572ac7a1ea77d671ab443a3b"
"baseline","lib/gaisler/noelv/core/btbdmnv.vhd","398d2fac1e8d3795149dd7e21e7b7a8dd9768468ce4def34b08405472795fe8c"
"baseline","lib/gaisler/noelv/core/btbnv.vhd","d0cee9c8c8c303724fb772994c1976c79799e2939ee9f0dcfd6de16cb2b63a7f"
"baseline","lib/gaisler/noelv/core/cctrl5nv.vhd","efd7d98ff22c514ebd1633c16ad69d10b3adff52f4a2f472afd1f0b23a510a8d"
"baseline","lib/gaisler/noelv/core/cpucorenv.vhd","186cc1cbffd18ac44f4ff1b2b4f90da231575615427e5732ca44b4a4f0961127"
"baseline","lib/gaisler/noelv/core/cpucorenvb.vhd","4bc6f7c9c54b843955f68154e066143482b2d55bc1ab8db6456fd59e97d3fa98"
"baseline","lib/gaisler/noelv/core/cpucorenvbc.vhd","a64e2c37e13f12a40d8bf87c031a6a3acf7038ce98a39d2f11111cd316ee43f7"
"baseline","lib/gaisler/noelv/core/div64.vhd","5fb39ee75769033d940975d543aa7d161d37b46b96279f4e0eb0694f23856615"
"baseline","lib/gaisler/noelv/core/fpsimutilnv.vhd","970d448b7a470af100d637234f0349b21058e5d1f8a301b4f237c4d1d79d5c6b"
"baseline","lib/gaisler/noelv/core/fputilnv.vhd","99f152696144434475aff8405ef8265430e229c935512a80c4a4657545ae07e8"
"baseline","lib/gaisler/noelv/core/imsic_int_files.vhd","dcab9a52edb31734aa66bf9512fc29e8db2523511c617a0b5c30c2ea42c780c3"
"baseline","lib/gaisler/noelv/core/interrupt_file.vhd","4a869f92f368eb82ae398f0a699991e180a1f58de19a5556665595f628e0190a"
"baseline","lib/gaisler/noelv/core/itracenv.vhd","101586492d9a9415dc5c525a8679d8ba8c160529095229bccfcff8a952c3bdac"
"baseline","lib/gaisler/noelv/core/iunv.vhd","7e4388ddd5b7c12121ea172b4044e8b4850f7e03b1128b2d1c961069082f839b"
"baseline","lib/gaisler/noelv/core/kanatalog.vhd","652659df513fcb98fe1a28185c75368d0cd724a7f2f4b1f11775bfc90c8ca565"
"baseline","lib/gaisler/noelv/core/mmuconfig.vhd","74cff50b406ee5f50847f07554b9add05f99dcef453082bfbfbd3bcfdc9e3c5e"
"baseline","lib/gaisler/noelv/core/mul64.vhd","9bf8b1bcb1c7d6e66cf8951a37474af93d3c0547c81bfc4cb74b65d5f43843ee"
"baseline","lib/gaisler/noelv/core/mulfp.vhd","2370250355873dda570aa35bb25010d6b189f3954ac6ed681c37a9c00c6a834f"
"baseline","lib/gaisler/noelv/core/nanofpunv.vhd","67ec79d4c1102a2546e1fe8d067089c9a85cc9a67db2e75862d322a8a0344e8e"
"baseline","lib/gaisler/noelv/core/noelvint.vhd","6f4edb327ccb3a7387c720dd8864a33f2546a2732bbac38ce3fb32d54cecfd38"
"baseline","lib/gaisler/noelv/core/noelvtypes.vhd","1a038b3eec90d553385ae9f71b0bfdbdbf933204037844786978154e88012175"
"baseline","lib/gaisler/noelv/core/nvsupport.vhd","642023b08b7e4c275949ffa4e233392f2a2d23c01a9ada803aea8d23c7ae5ecc"
"baseline","lib/gaisler/noelv/core/rasnv.vhd","5bda50c3e07b806ab26ffe9cbec1462c25a7bc8b35917c19a99f41cbdc496d24"
"baseline","lib/gaisler/noelv/core/regfile64dffnv.vhd","0cb69324f2dfb3125286dd4e0e90c4764cb0dd6f4010b5ac53765a1cd874b4d4"
"baseline","lib/gaisler/noelv/core/regfile64sramnv.vhd","4846e4b8d316d1886b6ef75f762e1e430bedb3487acb1fcd070807f942bf2030"
"baseline","lib/gaisler/noelv/core/rvvi.vhd","6d541ce479c9943280d09d9f2d34d5d35c25ac33b66984f921576e6373bae2fd"
"baseline","lib/gaisler/noelv/core/tbufmemnv.vhd","fd16a065f25138eed2c8c19ee7914f67013d14b34e24a358b963b4552277f17c"
"baseline","lib/gaisler/noelv/core/utilnv.vhd","f4f168662eaed5d5169d62dba75fe372529f76b92901f33c17dbc168d047e2e0"
"baseline","lib/gaisler/noelv/dm/dmnv.vhd","51818206ae9fdcbdaacb002ef390cf91a0766aacd434f76bf3ca4a792117b0f8"
"baseline","lib/gaisler/noelv/dm/dmnvint.vhd","277eca63e6adb27c2fe4d3304cd0768c67e955a6a2c29f14491dd6b614a7ba61"
"baseline","lib/gaisler/noelv/dm/dmnvx.vhd","68e063cace29b3da9b5aeb466784a3259fc214ee5fc6a8e26866a4b2f9b245f6"
"baseline","lib/gaisler/noelv/dm/progbuf.vhd","51beaa43835160020878ad365418109db2f8e40aa624761b24015e36c0b9cef0"
"baseline","lib/gaisler/noelv/imsic/imsic_ahb.vhd","2e8adb172f8d8faaaa42185045da475e3c82ece14bcbc370cac074f066d0763e"
"baseline","lib/gaisler/noelv/pkg/noelv.vhd","f927af918f7ef9d79df5735aa36092505171c652293d9ae554976911152a7d26"
"baseline","lib/gaisler/noelv/pkg/noelv_cfg_64.vhd","5419d725c16d80d43076ba7a7e2119a4ba48f7e5097ff72db14aa8b4a9b7d50d"
"baseline","lib/gaisler/noelv/pkg/noelv_cpu_cfg.vhd","f2c1fd5fcf970dcbd4eb9e71d45812729e4e2eeaf090e774609ef63b800b1788"
"baseline","lib/gaisler/noelv/pkg/nvnlconfig.vhd","1ddccc41e9d45fa3a290ddd34e3d4d30c67c883f6ff1e45be4658510ee6e6257"
"baseline","lib/gaisler/noelv/subsys/dummy_pnp.vhd","66f0e31484971acce671553a8b6a1011eabcf6bfe01a71d1b7d5b9124574d14e"
"baseline","lib/gaisler/noelv/subsys/noelvcfgmap.vhd","e46c3f6e5e3c9736259a720af57a82f05f6654c120a827513b3e0bc08cf87eba"
"baseline","lib/gaisler/noelv/subsys/noelvcpu.vhd","02369bedd82dd6ee31cd5d94c1134701f1d981e647f1c32207dfc9b51768fae5"
"baseline","lib/gaisler/noelv/subsys/noelvsys.vhd","c8ccc4db2b3779d8aee3d662e1226d70b7f1f4b9ab28e67ba18c0028bf75c904"
"baseline","lib/gaisler/plic/grplic.vhd","6b916f637686c2d7934bbeed39b7ae83361a0ef67dbe761c1b9d4adfe0e004db"
"baseline","lib/gaisler/plic/grplic_ahb.vhd","18abd1718e813b9c2c6aaccf9dbfdcb5affcf2c09ab29db6b2a009bd97305692"
"baseline","lib/gaisler/plic/plic.vhd","9fd57bf3b9a0e30f99ed61f57f8faed0474bb66a60fdb42bded06b41098a2015"
"baseline","lib/gaisler/plic/plic_encoder.vhd","8734770f5a21bb2e45a245a4c0a0d54eb80425dcbd1b7f3a15d906e6e16af797"
"baseline","lib/gaisler/plic/plic_gateway.vhd","e690daf1e4c67de2efaf10f42e3380f6ca72f1160e7e1c633aaa243abf4049d8"
"baseline","lib/gaisler/plic/plic_target.vhd","775416871da7cb55ad962169a31ce5e0073da595a85a8255ec3f02462fb882f6"
"baseline","lib/gaisler/sim/ahbram_sim.vhd","3e36a4827ba0a1c95eb4ffb0fea469efd5df3f88154a00dfc20a577f7594380f"
"baseline","lib/gaisler/sim/ahbrep.vhd","b48fe0cdf4718d84e729733fac1d2dc8fc448ff30d2d66c425d8458e3d24f58d"
"baseline","lib/gaisler/sim/aximem.vhd","b667490acaa2b8f1e1d15d4fbe0d3fdc456512cc53048acccf91f45a685d5b46"
"baseline","lib/gaisler/sim/axirep.vhd","fd72893ed8614ce9ffac0a902536bd97d5188ce5b8587f667c3e74ecb6327ea3"
"baseline","lib/gaisler/sim/axixmem.vhd","8dab6ab629b46e8a7416d637962442e6bacd831e309e554f4cb21ce854079955"
"baseline","lib/gaisler/sim/ddr2ram.vhd","8edbb79d782841c26399e807ab9b1e08579a113767bf5055037dee97f2e02e48"
"baseline","lib/gaisler/sim/ddr3ram.vhd","11a38ffa490f9da404d2c9742f3301effb30e4313c4e017733869c3031ce3a53"
"baseline","lib/gaisler/sim/ddrram.vhd","ceca92d161fb136ca1b1b1cb5f6cf5ab164f5868eef3e50f6e7b901cee72b696"
"baseline","lib/gaisler/sim/delay_wire.vhd","9abfc99b773851f86d66c791d51d622058570d5ba10fc87f01d0e866960ddaa8"
"baseline","lib/gaisler/sim/delay_wire2.vhd","c0b4ecd0ad1173c9fd0294e92693d7280952d3a158f4efc977fc6049a3200f13"
"baseline","lib/gaisler/sim/dfi_phy_sim.vhd","6f6749a81628bbc7e987fcebe7cd634bb848dbf74bc451158650dcfc5e375c8d"
"baseline","lib/gaisler/sim/dfi_phy_sim_fr.vhd","baf8b9c4364f7f46b241026e16a7c2070bd1380297e2e79083bb657063781d63"
"baseline","lib/gaisler/sim/htif.vhd","6f65a4a0559080dd5dba838f6a7c1ec88f2623d23c1d7ce8feae074cd13a9548"
"baseline","lib/gaisler/sim/phy.vhd","0afab60f25a3721de1cdfa88cfb61a4c145a89a980e9a1f49937e3a4a043eea0"
"baseline","lib/gaisler/sim/pwm_check.vhd","41bc4a71679c4d72845c11797ee745f3d052c1562e351ac9b1cbc159c15f2e5c"
"baseline","lib/gaisler/sim/ramback.vhd","4b8decc3c38d7132c953e37c3772d9bdd9c5c7666630c026bef22609e64a4ef2"
"baseline","lib/gaisler/sim/sdrtestmod.vhd","29de0eed216be2a3670207e18c356463b4d07ee12605897eb619d7f2642c26c1"
"baseline","lib/gaisler/sim/ser_phy.vhd","457588e754af831e6b493476b161be84dbb1ffd6f272dcf1442a6fd891358a34"
"baseline","lib/gaisler/sim/sim.vhd","2ed982cc1b22ef2a02060376ad159199c7f3b053bc49e7fd87177e7aa9dc3b9d"
"baseline","lib/gaisler/sim/slavecheck_slv.vhd","3fc9b7534d98916d6439fcc7a93f1f890f24404b8f8d73e8a360f89b05889f0f"
"baseline","lib/gaisler/sim/sram.vhd","19c93e6c771845236c78ab257c6d2e45b3689396f98c9c6159419c883c978bed"
"baseline","lib/gaisler/sim/sram16.vhd","d1716e89f813e3436613cf0b3420bd4fa94e0c1752396741cef55eaf5749bbe0"
"baseline","lib/gaisler/sim/sramtestmod.vhd","85138e33e5738b7056fd3b78c8133f7754bdcd6042ce0c2445c8561b2b4ef15a"
"baseline","lib/gaisler/sim/uartprint.vhd","021b504ca25c36408bb86bb7ec9061432fbe678ab1fed138de838dfa18725250"
"baseline","lib/gaisler/spacewire/spacewire.vhd","0ce3cd8e84ecdb47a1da12009f0477e04e1a9495fa12b6676705981624648b23"
"baseline","lib/gaisler/spi/spi.vhd","051832cc7d4900d972bc1e8360e7cce58d39d76ef97c1ccc373c274b3a2a5815"
"baseline","lib/gaisler/spi/spi_flash.vhd","1bab07afb0eaa1732aca9e64ce846e325aeca1771e956fb119c11b53cbb5c352"
"baseline","lib/gaisler/spi/spi2ahb.vhd","1cb94bd3c2a34349b2c58abd8ec13836957bf1bfa9f19be5e275b44bfc8c3ecf"
"baseline","lib/gaisler/spi/spi2ahb_apb.vhd","7597bfebc29104688fa6a553e423df25366a98db36e94272734250c560d0653f"
"baseline","lib/gaisler/spi/spi2ahbx.vhd","e3aca93a270db44c04e32ea80c186a2160d0fe1eb2ff7670ab9f9bb5ad8b6a52"
"baseline","lib/gaisler/spi/spictrl.vhd","bb6e8cec7ba54e438c6ad14601c3138480eb75df6da67bb03d0c5f1768f5bf5c"
"baseline","lib/gaisler/spi/spictrlx.vhd","5d8f9f868787b767230f74b2546271ca60e57404ea2461e2dc4602eedcebcf13"
"baseline","lib/gaisler/spi/spimctrl.vhd","54b55f9ae3a1e24c6a4f752e7a584a15d3bb7736d692d540400b37a70cd25305"
"baseline","lib/gaisler/srmmu/libmmu.vhd","594e9d1f6fdfb7688225c3d6951edd3642cb73546b7653915d24cd4c32c12a1d"
"baseline","lib/gaisler/srmmu/mmu.vhd","7915ca2c0feca9d546f6bdb695136e0f19596c2f5e29a00521fdeb197ee4fa5d"
"baseline","lib/gaisler/srmmu/mmuconfig.vhd","ab3a6902324625ad1b313a4b40eda98d061b15aafc397e1d398cf8178d1e2608"
"baseline","lib/gaisler/srmmu/mmuiface.vhd","7e9c1d98d8f0f063780d9318acbfb8ffdb3da6d31130a8b890b8ae8fc3905e6b"
"baseline","lib/gaisler/srmmu/mmulru.vhd","702b6ed0ea7f12b2def32a215ae66c7e988bcd05c42cd1e561c64d49d207eedc"
"baseline","lib/gaisler/srmmu/mmulrue.vhd","fda20af8c84b91d8cacb4e480f54924af12d15ff22697503c1fe60d126a94393"
"baseline","lib/gaisler/srmmu/mmutlb.vhd","da8f0eb9d11de82650de875c8f1210d0b972def9ad1d997cc1eed1e705f28144"
"baseline","lib/gaisler/srmmu/mmutlbcam.vhd","63116a2b71f45f93eb79c0ffaf4a0ee604c277487fc242f3f37e224906116298"
"baseline","lib/gaisler/srmmu/mmutw.vhd","c2d68b3a1787201ffbafc3b638744acd8a44cdc8235e5e08725de727dda386b5"
"baseline","lib/gaisler/subsys/leon_dsu_stat_base.vhd","fafc6e1a294f2cbfa741a2c5793dfcddb440cdc9cd62846f493631285225f157"
"baseline","lib/gaisler/subsys/subsys.vhd","dba767708f2abced265cc16287b50c85921f82a8563aba25c5afe3a8226eb9bd"
"baseline","lib/gaisler/uart/ahbuart.vhd","06a4075967ddf5d30ab07e358cb425c81ea48457602058c663c9f6dcd77d5b06"
"baseline","lib/gaisler/uart/apbuart.vhd","c11f01af24c7c14ec7020ef017704680293bb9f0583b54a2a9904848af67380f"
"baseline","lib/gaisler/uart/apbuart_16550.vhd","2fa2399172b68c0b47e9470daec392f8760dd35fa337564d0ce154c6755bc8ab"
"baseline","lib/gaisler/uart/dcom.vhd","3f8d721d32b08ca4c90aefd00ed98e1fa0ad2af3afc50babf7c683d126ed4898"
"baseline","lib/gaisler/uart/dcom_uart.vhd","2d563d23ce3bb2c559f5e36e58a04cd645a193cb13e1cd892e1fc560dbc01820"
"baseline","lib/gaisler/uart/libdcom.vhd","f3f581e4b1c84b46b9710827f0f788b387116f111eed81eaa0044e7745cfd919"
"baseline","lib/gaisler/uart/uart.vhd","62617378b9afbefe245b92b9d710cc8409d268ae006d9ca20bf36233ed727bfd"
"baseline","lib/grlib/amba/ahbctrl.vhd","f43c0c54742c0eb8e1596aa251e9efd58a5ed7732b15b4a78afdb3bef602a6df"
"baseline","lib/grlib/amba/ahblitm2ahbm.vhd","d1a648b20a7accdaa3f99db7c666f41c5fc00a657ecc5ef0b187974d4bf60057"
"baseline","lib/grlib/amba/ahbmst.vhd","0bc8e120578e1266bc05624c76097532efb2dc1af7bba76b2ffd8f7e4b8faaa3"
"baseline","lib/grlib/amba/amba.vhd","684013bf2fa2d69117fc1db6119cd6430faa306a1eb48523ed9a12b863718f95"
"baseline","lib/grlib/amba/amba_tp.vhd","eea02676f3dc3c63f216a097a01c7590d5a81c277075ab55a7d12fa3e99d742d"
"baseline","lib/grlib/amba/apbctrl.vhd","bc69dbe0f992861721703b33ada7d8c899465dead656dab80b77ab3ae2af81e3"
"baseline","lib/grlib/amba/apbctrl3p.vhd","bcd881803f57672678ee6b85e4287dad1daba75a8716eaa5182469675949812d"
"baseline","lib/grlib/amba/apbctrl4p.vhd","e7fc6551e0e2b9789f0e7e992b5b61820e6f51bec990201a0135d382cd216f41"
"baseline","lib/grlib/amba/apbctrldp.vhd","a32b8e46f357ebeb9abd8d1590cd9350bed3e61933bb2fddb9964d6eae45dbef"
"baseline","lib/grlib/amba/apbctrlsp.vhd","b1f4d57079268031ce01d041d368d869485e8bde84d871ab90cfdf0197fd7d0f"
"baseline","lib/grlib/amba/apbctrlx.vhd","87cdb95678be7386974a522e14e58d8f3f84d35f63bc7a3efb987e35181c6fb3"
"baseline","lib/grlib/amba/defmst.vhd","6161c166b92d7c49429cf82fd4e2aa6678529a09fc2656484167cddd1276a096"
"baseline","lib/grlib/amba/devices.vhd","0defb84dba2833ed7ecbe5ba9443d9b3e5de0fb04896d334eef77272cb757ce5"
"baseline","lib/grlib/amba/dma2ahb.vhd","9a27b81d96147a0a5a0d81c0659570a3eb029d20bb159fe6026948ce5ae21ffb"
"baseline","lib/grlib/amba/dma2ahb_pkg.vhd","332a78df1a5cf57439c574938f18587fddb6df930bb6c50de9a521db4c0637ef"
"baseline","lib/grlib/amba/dma2ahb_tp.vhd","480755ef6e73bfd70fe4df2729aae2614dc6e3282b1a04c0aa339c43c62aa6df"
"baseline","lib/grlib/dftlib/dftlib.vhd","8a5aac5956535ad6c9b0b699280c91077131fc8b23d89cf0851d0dcf0b195403"
"baseline","lib/grlib/dftlib/synciotest.vhd","3805b817ae9e5e40be62db3be3ce3fb38e06746544c1efc0f1a159b67a6ff3ef"
"baseline","lib/grlib/dftlib/trstmux.vhd","3c9f347a1c95eec6fccb97bf2fcbb16a0325f1b034af0960eb8b67b908435841"
"baseline","lib/grlib/generic_bm/ahb_be.vhd","e7749b22addb3e0ad1778cb5607e66ef5cfb823813dd6eaefe79e0ccdb86f896"
"baseline","lib/grlib/generic_bm/axi4_be.vhd","d6e1131fd2c8fcb114720a8e67c9e886b305462abd02c1301636eb83f9e5bebc"
"baseline","lib/grlib/generic_bm/bm_fre.vhd","f2dd49755ba03153261a6bf8df486242c08b0d1d7d8aa86be520050c2c336c62"
"baseline","lib/grlib/generic_bm/bm_me_rc.vhd","e45624b90ec4e839c60d668f9a3564508f8b4269833b007f16f87139994f7f4c"
"baseline","lib/grlib/generic_bm/bm_me_wc.vhd","781ac7245a160f5f5ce107b233da27d9a4ba4fa42c16eecac130d1d45dabf034"
"baseline","lib/grlib/generic_bm/bmahbmst.vhd","dfa54e40c5ebdb6956a90573cf95777a7ff0b81c972bca17c186e7aadedf9c95"
"baseline","lib/grlib/generic_bm/fifo_control_rc.vhd","93f3889ed240fd1fb9c0de70e567809a5f597336974ed9d578a8b3e36261ab24"
"baseline","lib/grlib/generic_bm/fifo_control_wc.vhd","89441b1aebc798cc09a4404c8503948361a27d79e7e1e4bbe178b77647cd4e0c"
"baseline","lib/grlib/generic_bm/generic_bm_ahb.vhd","69dec16fdb859253eb06058c67dbf11a47d0f1cbc55b65a7225f0fb410aae484"
"baseline","lib/grlib/generic_bm/generic_bm_axi.vhd","b36554843143fda2924dc3a73a4413b6bac879e2824c0c278b920d574b5fbd9d"
"baseline","lib/grlib/generic_bm/generic_bm_pkg.vhd","826c52e05a11e393cd53e58dd2834be59269e0925845a1e7b1017ec94bac6171"
"baseline","lib/grlib/modgen/leaves.vhd","9d23d627b2f7801ea8df8e9b7acda8e09b679157ee496703d7e89b5b4904eb0a"
"baseline","lib/grlib/modgen/multlib.vhd","8c9ce518e1d9572bcf136687bd05238ba7dfe61238b2b5efea9b053d19127db2"
"baseline","lib/grlib/riscv/cpu_disas.vhd","477234beeb5f004027236411358d686aba3827541f355a0e3ee27c47253ea72a"
"baseline","lib/grlib/riscv/riscv.vhd","3aebba67d22c0de935d778940b64c808b0ba1e06c7e9ec5b574ba3e4a2afb809"
"baseline","lib/grlib/riscv/riscv_disas.vhd","040cf787ea34c37df92cffb91cf8e58d4f63037b0191c3ebeb40e9baf4b9a0c2"
"baseline","lib/grlib/sparc/cpu_disas.vhd","a660e1bee8037f4d2a137d4e471416943d248c762a26266c6b8c4e01ac4f8d3d"
"baseline","lib/grlib/sparc/sparc.vhd","7246ca34d023eb8459ec57cf9cba72d33fa0a09326f7690349b509f6f1c5b88a"
"baseline","lib/grlib/sparc/sparc_disas.vhd","3cc5d5b3bf21b036a622cfae3b32f53059a0c0c9a3f690b13b0e1d9d4f7712e1"
"baseline","lib/grlib/stdlib/config_types.vhd","428a2855beb19b8618a99e81d994f433bde96bba15892d4933df6a6cb81ee6e0"
"baseline","lib/grlib/stdlib/stdio.vhd","c11506bdb89330fcbf90abd56f86c92edf288a3d08209e2dd8f7bd8665da1953"
"baseline","lib/grlib/stdlib/stdlib.vhd","1b5ba760e0dd6dd8a37da46916ef15e24c4f0e061954f9922d8607279eec9781"
"baseline","lib/grlib/stdlib/testlib.vhd","8ff69438a2b204255ef6492c74880b36697f9d308d341063ac9f2e9556869bc7"
"baseline","lib/grlib/stdlib/version.vhd","abe3dace742e7e1fcedda33bf2a90c4ec6620d244d8ac4f29fb2440eee7eab96"
"baseline","lib/grlib/util/util.vhd","5bf26d2ae923988a0aa1d296b3b8594159ee281ff7ae9968e9c3380a60d0fd24"
"baseline","lib/opencores/can/can_top.vhd","cb12e62aac0464e929db6c12c8173e11833fa999e794bcf6cab5244ab4ce8b1e"
"baseline","lib/opencores/can/cancomp.vhd","a65c0a605c1ec85ccc11408af3ad2dba7312ddf71d1a14df0d8a1a219d7850f4"
"baseline","lib/opencores/i2c/i2c_master_bit_ctrl.vhd","77bd00078f1ed62e93a20e02f655696d940f1876c36d346dfdd80f36e3b6317a"
"baseline","lib/opencores/i2c/i2c_master_byte_ctrl.vhd","94cae7cea74cd1595c996e98f59a3eef1508e20c67831a176187832e0eff589b"
"baseline","lib/opencores/i2c/i2coc.vhd","2abb0b30306a48d4eea48261393ff242481c5aaf08b883b1871fd2eac4e0a02e"
"baseline","lib/spw/comp/spwcomp.vhd","8bbdea4269c4601a3ad363736a18a22effdccf261bbda4cb99ae81f1885231b6"
"baseline","lib/spw/wrapper/grspw_codec_gen.vhd","330bdddb90859203a9d3184f27dfb417e021a36f6cf14afe424a3a7c8cd23bbc"
"baseline","lib/spw/wrapper/grspw_gen.vhd","23acd41b1963f8b85beb28746fb84de766a7a8485a2d19d0b58332f163f89ddb"
"baseline","lib/spw/wrapper/grspw2_gen.vhd","aba41cc734162294ea6619f028df13db213ad79db3cd2f7cc4737891428fb1ab"
"baseline","lib/techmap/alltech/allclkgen.vhd","0f9df4e869640251378062c9ab66b71649f12dc492d94d60a76cf2779a830a05"
"baseline","lib/techmap/alltech/allddr.vhd","0249368020939fe47b5e2c5cddc9018f35a2ac941acf32c973aa3e4cf86999a1"
"baseline","lib/techmap/alltech/allmem.vhd","a7bbffb010f43fd7e98c5726ace72cf804a812284bf1a21e18aeda10f29874f7"
"baseline","lib/techmap/alltech/allmul.vhd","f51422548d10a7493c8d2d6bd80bfde4249d1a016f3aed456e0a9c33233d8182"
"baseline","lib/techmap/alltech/allpads.vhd","68386cc279336d0424fcb1e2603fa8ab6c4598cd803bdd8adf4e91a0255b919a"
"baseline","lib/techmap/alltech/alltap.vhd","ac3b900946753c84b497aa1a2e3b677c0520a8a072dc3bba79ffd2e4cb832c2e"
"baseline","lib/techmap/gencomp/gencomp.vhd","a1c05a31ff0df2f85fe63b9d5441eea47afd431a8ef968ef53d48be597552315"
"baseline","lib/techmap/gencomp/netcomp.vhd","39c1a9d211ff7548d42ec17f4a44e548c28650c837ac1203ba1a6d3ae8900b57"
"baseline","lib/techmap/inferred/ddr_inferred.vhd","ca8bac6c41acec1afe4a9770540bcacf7d8b723aa146d9043e5cc9493fa31ce0"
"baseline","lib/techmap/inferred/ddr_phy_inferred.vhd","4312d27ef03239ba0c76591f86b4f07b838d5062f214c893975ecfea0860e321"
"baseline","lib/techmap/inferred/ddrphy_datapath.vhd","8686135085dabc1472b2edf40d586dfcce9ed36fcecdb50a60a0e42b0c10ea95"
"baseline","lib/techmap/inferred/fifo_inferred.vhd","bbc8e0be2fb36d4963bc91a9907e7d39f1f83e219f052be34b7f19ccece39253"
"baseline","lib/techmap/inferred/lpddr2_phy_inferred.vhd","4bb5b2a1db106af80ea4c3ad14fc95d32751dbabfea633854229aad0228989cf"
"baseline","lib/techmap/inferred/memory_inferred.vhd","c94b9a2489a834c66e0701c3ef2d3eb1e6c9679a56b2e995b91207965da8851f"
"baseline","lib/techmap/inferred/mul_inferred.vhd","71915e955cdd08a2454b79a1fd5c0a3ef636f9ae5b9d0eafab2b2abfe104e64e"
"baseline","lib/techmap/inferred/sim_pll.vhd","bf6646bf47b15318e4fc90d23795253a835859a0d67ac6d6275c19bb5b0353a1"
"baseline","lib/techmap/inferred/tap_inferred.vhd","01fcb5f54df9589ad9189a9b59d5f4408df96de53e9a7123119c42d43b0b9bdc"
"baseline","lib/techmap/maps/cdcbus.vhd","d0cd92935976ef40b5435fecf76c3c66baffb24985ad6e32e7e6f72e9d8e4383"
"baseline","lib/techmap/maps/clkand.vhd","c6bcf54b15cc4061f1b0fb4feccac181b8b39c105e2a78103c5a4d569af54579"
"baseline","lib/techmap/maps/clkgen.vhd","be30cf7643b2c42e05b2d4ae6d86f5b9be0bb52b03c821c4e55a19a726c172a5"
"baseline","lib/techmap/maps/clkinv.vhd","78cdc317e508c2c7cd9cea4f09538f6106756454d0dc598cc61dd71619e8fac2"
"baseline","lib/techmap/maps/clkmux.vhd","64c10cde0cecb136480245c4507e01570bcc9f422db96b82f9686aa78b3de7a8"
"baseline","lib/techmap/maps/clkpad.vhd","86891427f3d23a40459d32b7176bd1165b1220ee555aff89611cd5d0f6ad96ea"
"baseline","lib/techmap/maps/clkpad_ds.vhd","2c8520135cb7614f0a2c8c197dc104083f779d7eff1db5e0925a1112b89ab929"
"baseline","lib/techmap/maps/cpu_disas_net.vhd","7796af7c9e6f8ee3bfa9c042a9631c01da612937425ffe66b8f0f9d1f31d5d33"
"baseline","lib/techmap/maps/ddr_ireg.vhd","21cad6d5638c0ace5c96ed41cde29eba892ddf08923dc0286ef68c1d65e9164c"
"baseline","lib/techmap/maps/ddr_oreg.vhd","3fcd516583109b2d5ec9ec1b0849ff8cedd7da75cf061eba74d296f945dfac71"
"baseline","lib/techmap/maps/ddrphy.vhd","789c5b9ea0c6e263fd5d8df29101a92f7626432dd837cd06a87619275ac5dc5e"
"baseline","lib/techmap/maps/grfpw_net.vhd","3a99b1b7c0964a9c300367acd06748d1b21574d9bc676d71073bffab5be3b65a"
"baseline","lib/techmap/maps/grgates.vhd","59c7a4663826ee50a23de6f6b7244051a914655a79486f24331086fffaa8cc75"
"baseline","lib/techmap/maps/grlfpw_net.vhd","94805d1c3a46627ab9355167274be30a379479c981ddd2eb88da0453502af92c"
"baseline","lib/techmap/maps/grpci2_phy_net.vhd","47b86fbb6068d4bc1cdd441fd3c7bdb47fb75d3976891718d95aa7beed0859c9"
"baseline","lib/techmap/maps/inpad.vhd","d3d39494350f2faa946a365e11a21db4dcd6e1bb27c6b018623850548f40998e"
"baseline","lib/techmap/maps/inpad_ddr.vhd","a68c840800f1ec5636df855d96cf0c814c3604d01981f319ee533d5767f90ab5"
"baseline","lib/techmap/maps/inpad_ds.vhd","bea5f2d216406de3e05a6abda941cfdd19168a2f65845aab3f925300e2501b53"
"baseline","lib/techmap/maps/iodpad.vhd","fc1b3f3aa8524832367257050146393dd3fc5624370d4a778ab17826a2da4b57"
"baseline","lib/techmap/maps/iopad.vhd","f4eda2ea1e37a0bb9525e0777d25024e187a235ce6e385282c5c514c2f472043"
"baseline","lib/techmap/maps/iopad_ddr.vhd","45030d63eb3902bd28a044d9e7d71dd547d4956a0a438611190b93624d44712a"
"baseline","lib/techmap/maps/iopad_ds.vhd","bf17cc4e677f5f7aaf250b5d9568da2c3f521039f0c5b7655eb83b920b69ae7a"
"baseline","lib/techmap/maps/iopad_tm.vhd","3662fc62f8cad33d4b903227dca5e0c1d28b31aae1893fafab3d09dbb8df7e64"
"baseline","lib/techmap/maps/leon3_net.vhd","5b40bc0f934c158e027161e546930c5fa187a65cf78276183405f0749c70bf0f"
"baseline","lib/techmap/maps/leon4_net.vhd","46061af24a8ef42df9f87c231e904a153af76ca0d992ae786490f51e1d263ce6"
"baseline","lib/techmap/maps/lvds_combo.vhd","6c7e6cceaf1d71ea50c31a7ca027d1b18aa02692a5a3b295d6178b4f62443f00"
"baseline","lib/techmap/maps/memrwcol.vhd","ab7873d301bc582d6de06c9fdfb14f4a589d657b6fb52f59a15c2c20498f38ae"
"baseline","lib/techmap/maps/mul_61x61.vhd","3167ab7ad803648d54fde221a65f99864861f2f73cd4d7fd70073f2f50ea743d"
"baseline","lib/techmap/maps/nandtree.vhd","50bc31bb32f2da201a4e32408fdfe3331ee4e199773b99091ec3127b032e45c6"
"baseline","lib/techmap/maps/odpad.vhd","7b17793ded53a5a3b57de9cb2fb191cf8fb68c5c11e11fbe43e924bf29044113"
"baseline","lib/techmap/maps/outpad.vhd","7853823b8cee420d0106eb10843204a25ab283f72c6606d7eaa0470e4866b225"
"baseline","lib/techmap/maps/outpad_ddr.vhd","9834e1148fa60aad3014d55196fb2787393b33e5342b43bed2e2a6b7d553ce18"
"baseline","lib/techmap/maps/outpad_ds.vhd","89620c2354e274e3f61a31d2e75878bb7ec542252dd515d253313795d688120e"
"baseline","lib/techmap/maps/regfile_3p.vhd","59c9857cd40b878aa4264b3a5b16fa89079aad6eafe97e37d60d40be643cf6b6"
"baseline","lib/techmap/maps/ringosc.vhd","19d07a67ce8fa6722624d5f320ac235bb3cddc38ae81e2961679131f2cbfbe10"
"baseline","lib/techmap/maps/scanreg.vhd","d1964ef3aed16362f73e05dc4e573b86b2c1e376eff5e90e6bf6d4bad9028dfd"
"baseline","lib/techmap/maps/sdram_phy.vhd","5db9f65064418fae8cfd189c0d5d575bbf3a8bf50446d842854500352b3590d8"
"baseline","lib/techmap/maps/serdes.vhd","ce021718d07653807ebc3d43171213bd164a7ddecf2894ac69ed0363d566dc2c"
"baseline","lib/techmap/maps/skew_outpad.vhd","03a87c980f7871886e93d0961575d4ea4aea31027d85739f4759b3d601d612e4"
"baseline","lib/techmap/maps/spictrl_net.vhd","52a1921b4e2013b1b516c2eacb1a8a1b85b5e5e369b5339014df67158e71c4d6"
"baseline","lib/techmap/maps/syncfifo_2p.vhd","7abc5c63878abf34ccaae30da40bd74852f799ca618ca6e40bee51995ffe20a9"
"baseline","lib/techmap/maps/syncram.vhd","d516a32bfd54793bb52afc6b4767f0714c7bfd50d30a332603b9218e33612622"
"baseline","lib/techmap/maps/syncram_2p.vhd","98c522d6b6eec1c242c3dd7d1e3fe8e91391d64159484dde318974a381ae9823"
"baseline","lib/techmap/maps/syncram_2pbw.vhd","1658dfa9e57cafc17868df2b2dfc59b72ff1abc2b0b911f22cf61292297a5fde"
"baseline","lib/techmap/maps/syncram_dp.vhd","7b63470f68196c4ddec3a69764c9706ff581e7ed1387eb56d09a379ceaf07c8a"
"baseline","lib/techmap/maps/syncram128.vhd","add344208ad721c785f0c78ba8065db601d67a95fbadc10a8594d23b18460d9d"
"baseline","lib/techmap/maps/syncram128bw.vhd","be3580d69d1b1e5875936bc347d4a0923adae288fdbd57a5393578be81281878"
"baseline","lib/techmap/maps/syncram156bw.vhd","a11d44f9d6a7793bd2ec1ad00cf670115d21b7dc60b5a8f9529ee303b1a41bbb"
"baseline","lib/techmap/maps/syncram256bw.vhd","7db5517f57b1ceebf4f43577afed0ae47ab0fb25db775416e1bd72dc9d5f1a47"
"baseline","lib/techmap/maps/syncram64.vhd","11e670d4250931119b78f3a8ea7cc784b595beaa9d48303c1f1f0ec4a7e8c84e"
"baseline","lib/techmap/maps/syncrambw.vhd","aa3fc2af01e43e165fe21633187b19dbb8944291e6a7cd117872e38842e964ef"
"baseline","lib/techmap/maps/syncramlb.vhd","bb4635bf4cceb42c0ea0fbb317bf9648e7380f7930f46508862b1d1e10f43ddb"
"baseline","lib/techmap/maps/syncreg.vhd","a6ddb9961589fe972315124f3e866c4eea134a024550d61ff6226e102885346e"
"baseline","lib/techmap/maps/system_monitor.vhd","36bb047222137b48d0a0559c28684a4a9a25c8bdc8cef85f72bea0bd0862a2ca"
"baseline","lib/techmap/maps/tap.vhd","e6d021b6557c6ea27d79d9f575d6db40b7699311966a79fc132fb024c2306adf"
"baseline","lib/techmap/maps/techbuf.vhd","04ef048e36fb57a50f400e824530d77ae7eb281a531ab38cf7faf71100898cb3"
"baseline","lib/techmap/maps/techmult.vhd","d9f842b46ec8e69ebf7b4ef4a2321525de479e9b46668e709d55eeef7c766773"
"baseline","lib/techmap/maps/toutpad.vhd","af7a3beec796e3d5ad8dc521d8e31f3672fb0553ae5b1eaf5626656e1700f70b"
"baseline","lib/techmap/maps/toutpad_ds.vhd","344a140f20d3f62e865a79aceec257d591bc4428703c7fec295f711381637edb"
"baseline","lib/techmap/maps/toutpad_tm.vhd","6482bf06072f93eb62b93927d353160ee56792b300edf06f06388640f53ed8dd"
"baseline","lib/techmap/unisim/buffer_unisim.vhd","7033acc380f531784cf5888efe1f55516ff7628dda0b0b9afdb2e42f17f54f3f"
"baseline","lib/techmap/unisim/clkgen_unisim.vhd","d97255382a5b0f90db5cdbbd66859843c1d02a866596177391d5eb187fce001a"
"baseline","lib/techmap/unisim/ddr_phy_unisim.vhd","4eec1903bbb38ebf8dc57ad295f60e614d03137a34c46b90b7ddb49884e3e4aa"
"baseline","lib/techmap/unisim/ddr_unisim.vhd","f90d7a3b8018deebd19e06d3d07407dce12588852dbacd7a4225f6e741986cb7"
"baseline","lib/techmap/unisim/memory_kintex7.vhd","66d1eaa73ea6efe0ce623e9982158ce1649533c9bbfc59b48db50373ba615feb"
"baseline","lib/techmap/unisim/memory_ultrascale.vhd","ea3e48392c38089c804ce3d7b3c70e0d544214bf906fa5062f0dcc53a69437f8"
"baseline","lib/techmap/unisim/memory_unisim.vhd","0fba8abac31b65a19a51624144cd06c05880b0d6d3f5e769e1bf389b91f3586e"
"baseline","lib/techmap/unisim/memory_versal.vhd","52f442fd387aec369f015050a128dff2251029a879399912fc4d1792ad66a4d0"
"baseline","lib/techmap/unisim/pads_unisim.vhd","a1b727f931e93bc633c55c656bae9a32bda2a307ee47ae15ecbd634bfef4911f"
"baseline","lib/techmap/unisim/spictrl_unisim.vhd","05d0ad850ce23d0a7954642399a8b1ba64f9ccb2f1e8a89609d48d673f21edbd"
"baseline","lib/techmap/unisim/sysmon_unisim.vhd","2d6167d81492fde04c3e79f4c66ba24facc4c46cbe3dd6513e3af5652fd302c1"
"baseline","lib/techmap/unisim/tap_unisim.vhd","53f54cde26041186c76b9eed2c2cfc22dd9bce50955b16c93b4c7a0a20eaf3fb"
"baseline","lib/work/debug/cpu_disas.vhd","3d66f2fc459c15d23081870e7280edd53a0e0cf5cdada3ef84bcc5a1e4a7f71c"
"baseline","lib/work/debug/debug.vhd","8b8f996c5411387aa74e7912d5b79b7d52f32ee241ea07102b6132c95c619cdc"
"baseline","lib/work/debug/grtestmod.vhd","9192936072cf76189d2ea1986ed8bc6beb4739fbbe6ff55aedfa0ed67278e5ec"
"baseline","SafeLS_HDL/l_comparator.vhd","3632334cbe1cc86eb5185e755c5015bf20a5cb749b6b4c0727e9930418a1f057"
"baseline","SafeLS_HDL/l_comparator_pkg.vhd","6521cee55b55c5fb0ac2355630f56d593ff5ce8ad689bf4455f262b5ea570d19"
"baseline","SafeLS_HDL/l_noelvcpu.vhd","a5b9f57d2c6a0821d1ef3c163cc1574bb31512a9bf44f756323377e1b4c176ee"
"baseline","SafeLS_HDL/l_noelvcpu_pkg.vhd","74e8958684343f686859059e63845d70baa5367a4dbcdfd57cecac11644b5943"
"baseline","SafeLS_HDL/l_register_input_generator.vhd","84f96e9c4d99e669517ee108c57127d7ec525695159efd930ec38447f050ecf4"
"baseline","SafeLS_HDL/l_register_output_generator.vhd","0e8e3ca50754ec717d81299d9d42199865528cea9c6351b7540f1c393021e924"
"baseline","SafeLS_HDL/ls_ahb_addr_fault_inj.vhd","6c64f1207fd3da2378dc2794c09b21964b425abb62f975d2afe03f05b4aa5158"
"baseline","SafeLS_HDL/ls_fault_cfg_pkg.vhd","ddcdd3ef553d48921399115ca3dc9bf2b67d1bd5a7f2a3b96ad974ff9d7cf263"
"overlay","build/build_remote.tcl","a512914a033cab7fdfc7d03da1a452e42f8a99e1554bf5bb22c055ebf88ba281"
"overlay","build/fixed_probes.xdc","ae446a0d819fa443e111f039d1ed6b76c4c9d75e35704de1f35a8659c5648625"
"overlay","build/prepare_remote_source.sh","9fc1141b42b9c7a3cb2f2b45589c9a96be0c798de570aec2e80b288bef0fb57f"
"overlay","build/query_dbg_hub.tcl","c9883967bb5fe11e30f0650c420f7f1b440b39f18cb78864cdf0e4421bc76365"
"overlay","build/query_debug_candidates.tcl","4468fad40ebbce8ef32d202d6124d77291d21643274fb78b977c50a1c37dedf2"
"overlay","build/run_remote_build.sh","590a5feb44c1d435eedf020c78ad3d387990bad0cfa95e0b35f058d6e9742626"
"overlay","build/run_remote_sim.sh","e2969dd0d5830d1b500fadf32a990c3b09de6ff0a3f454118317c0011a2cd00e"
"overlay","docs/protocol_v3_contract.md","10d1bf3f4def1efe07525ce523eeaba2f5b63f1f3ef7feb89da8e7dbf0bc0883"
"overlay","integration/designs/noelv-generic/rtl/core/lockstep_ahb_sample_pack.vhd","4834672ef80125e894a5d2fff2cdea34dc24a10f7b097141e64848c9af9a6d4f"
"overlay","integration/designs/noelv-xilinx-zcu102/rtl/noelvmp.vhd","5f2ec61a31813d5978f7444932cf03e52b652f1093769255d0b67f7cc9aae9b1"
"overlay","README.md","78137f21a6fe8fc6c376b01e9063117c9a2d5d3d32e678dd69faf8394dfaba8e"
"overlay","rtl/lockstep_capture/capture/lockstep_wide_capture_frame_source.v","5cf0b9afbd9efe63822491baff3755550e03d587eaf33bec13903026f2fc036c"
"overlay","rtl/lockstep_capture/capture/lockstep_wide_capture_window_cdc.v","d594d53eaaeb6abbd9cf6a14e736a0032c9d82f50071a318f68b895e50ecf672"
"overlay","rtl/lockstep_capture/common/lockstep_crc32_word.v","f02682be3bfc0933beee5fbc891afceb2e5abb327283a4ae7909cc9bfacb989a"
"overlay","rtl/lockstep_capture/control/lockstep_command_state_machine.v","aa1931c071fe9c79aaa542296ee278b8aac60dccf9c2366ee4d62cd2bc7ba97f"
"overlay","rtl/lockstep_capture/event/lockstep_event_async_fifo.v","bc818a51da2cdb0ab0efc18672c5561bdffe31997f38adf769d2efdcbbfd4ecc"
"overlay","rtl/lockstep_capture/event/lockstep_event_capture_controller.v","79eae4bcbada3d07fa8f0fe5051a9c52892ece189c1e2d38f5623144aed2e133"
"overlay","rtl/lockstep_capture/event/lockstep_event_capture_core.v","9e05bfb6e603b9413870a0d73a3de8fb04f60e7d171178d0f39f0818e8999499"
"overlay","rtl/lockstep_capture/event/lockstep_event_fifo.v","351ff0befa9076bf4759baed7fc7da642cd88cf0e7d56e6ca028897ac8626db0"
"overlay","rtl/lockstep_capture/event/lockstep_event_frame_source.v","27cfa555f0aa56fcfc49f62b3c7babfb335d4067682da0e01eef7f0b40f9db97"
"overlay","rtl/lockstep_capture/event/lockstep_event_record_builder.v","536fe43a920277f02878f659fecdd555332c41956822f8e7b9d763c8ca18a1b5"
"overlay","rtl/lockstep_capture/event/lockstep_event_round_robin_arbiter.v","953724ed6a69dd20ca4f6c7f4c9bf6f007c2fa581ff4779d591717e532cc02ad"
"overlay","rtl/lockstep_capture/event/lockstep_global_timestamp.v","2274b53ea91f63f709763b70b9d19aed666d79f94974e2da9729611d59a43ccb"
"overlay","rtl/lockstep_capture/event/lockstep_protocol_event_encoder.v","f4bcb3e3e5133c87cbc326ce1cbfd87115c6e46f775797213b7592bdee68ed85"
"overlay","rtl/lockstep_capture/frame/lockstep_capture_stream_arbiter.v","5d05e83ecbb877d1dc011156d9084ba710d71e640ca424bce528dd68926cfc3e"
"overlay","rtl/lockstep_capture/frame/lockstep_frame_request_arbiter.v","0d49ce0fc3094f41bf06d38789f7e50fc28c8572191f72862f60b7060dd412c3"
"overlay","rtl/lockstep_capture/frame/lockstep_rx_command_parser.v","1701fe65ce8dfe9b44c7ea5e6031925e8b800a93a746f280426184ed851c294f"
"overlay","rtl/lockstep_capture/frame/lockstep_tx_frame_generator.v","f49caf1ee123c6a1bcd5ca5d2f8cc52681c974f9f71893cc6e50f85112241c5f"
"overlay","rtl/lockstep_capture/ft601/lockstep_ft601_245_adapter.v","fce3d9ea66387d79360cce603baf6fb301e092d19d090a32340f3d9ad9373a38"
"overlay","rtl/lockstep_capture/ft601/lockstep_ft601_be_polarity.v","acf332e38969c378b6012281c25896d6ebce9bc2fce7f22e328b2f6e8caf7429"
"overlay","rtl/lockstep_capture/include/lockstep_capture_protocol_v2.vh","8f7ceb5ea7f214de7d0dff11ca19f595fb937b9caa192bc2723ac04b5ffd8704"
"overlay","rtl/lockstep_capture/include/lockstep_capture_protocol_v3.vh","1033555e5cf6987efea37ecb0bfa6b9b3655de45b1883d88f13e505d6da0ef3c"
"overlay","rtl/lockstep_capture/lockstep_capture_sources.lst","d798a894900b1e8fe3ad00a9bfe51209a522ef4c54c1718f115cf35ff6506642"
"overlay","rtl/lockstep_capture/source/lockstep_protocol_probe_pack.v","6cedf07512deb46427f953df5f349b4ea9723fad9dde7fd8a8f887d4d10eb84a"
"overlay","rtl/lockstep_capture/tests/check_lockstep_reset_mapping.ps1","fc2d26773da5ce5baf71283f02567149ac751dd27ec7dbce024f5919c6a906ae"
"overlay","rtl/lockstep_capture/tests/tb_lockstep_capture_arm_delay.v","b87dbe401a88e2abdedc37ad3664ae864f3e98476138c74bace7a0a8b73110d9"
"overlay","rtl/lockstep_capture/tests/tb_lockstep_capture_recovery.v","a0e8d1e8f22791e2d59285279ffe37d6577aa223174e4a4332a1ebb7775873e5"
"overlay","rtl/lockstep_capture/tests/tb_lockstep_capture_stream_arbiter.v","869dee07b371c041ce30d5ec5a0091da32ebb79a421d0a12418e0cde587d6104"
"overlay","rtl/lockstep_capture/tests/tb_lockstep_command_responses.v","89cf8496bf005f269e089c1740735e1b990b32966f89c22274d9fcb982f17c07"
"overlay","rtl/lockstep_capture/tests/tb_lockstep_event_async_fifo.v","8b9748c5e05f4c890913f222feaca93491a152e3b53cd06571dc2ef0934ea1b4"
"overlay","rtl/lockstep_capture/tests/tb_lockstep_event_capture_capacity.v","8799124f4d500f4d9ed8d5666fb4a4e3ebc895f7701d64f37de8ac3bffd6e00d"
"overlay","rtl/lockstep_capture/tests/tb_lockstep_event_capture_controller.v","b4a62bd22df3c90bcb67a6e30aa409894cd2c051ed09359f626e2603b0b0f77b"
"overlay","rtl/lockstep_capture/tests/tb_lockstep_event_capture_core.v","69f6b021bf1d9c851676b0f231d5d6933f57e92ff7758a1e6bb897306b4b54b1"
"overlay","rtl/lockstep_capture/tests/tb_lockstep_event_config_parser.v","0fa10d98db2229ef7ec987a76a6d31b3eb01ebdbe78f71b78fdeff023dfe55d3"
"overlay","rtl/lockstep_capture/tests/tb_lockstep_event_frame_source.v","27b128c73718776e5b3356d6e2985d6a4dc0b43edce6121b97d99a6c83e86651"
"overlay","rtl/lockstep_capture/tests/tb_lockstep_ft601_hello.v","8d0469356df4596bb16f76b4f7a81bcb694db019f06ffaa7702339ec13a60e58"
"overlay","rtl/lockstep_capture/tests/tb_lockstep_global_timestamp.v","7205dec005042696a572db88d9e5f9514ad4f6f8d3b94b29312ddd1c161e621c"
"overlay","rtl/lockstep_capture/tests/tb_lockstep_protocol_event_encoder.v","ea40abd643ec670955bebe7bc9c5fb325498a2ba8c9269dc7cef68e7674677bb"
"overlay","rtl/lockstep_capture/tests/tb_lockstep_protocol_probe_real_only.v","7de806ba8bc332c768b81e5b468a13b40c326569a3acb715aaf7a005e9cacda6"
"overlay","rtl/lockstep_capture/top/lockstep_capture_protocol_stream_core.v","31e85878bea61968d253f0971d841de861230d6f22aaa1a85299a47a958f65f5"
"overlay","rtl/lockstep_capture/top/lockstep_ft601_external_sample_top.v","25d203e7238aeeb324e8e24d0fe9b107521abb5cd3cb15e7053a377b52789b53"
"overlay","run_lockstep_capture_sim.ps1","0fc4137becc36749303915750e6100e46e8a9a4aeede1056927cf11d366ace3e"
